Ano,PIB_indice,ABCR_indice
2006,133.35,107.48972176971462
2007,141.4475,113.98587040555067
2008,148.6525,120.90869351153265
2009,148.4675,123.602070587256
2010,159.6425,133.12055655995502
2011,165.985,141.44300048879654
2012,169.175,147.9720438136798
2013,174.26,153.5890447848562
2014,175.14,157.23320746714228
2015,168.9275,154.24822613062597
2016,163.39,148.91353775497495
2017,165.555,151.36340348193332
2018,168.5075,150.1215412756115
2019,170.565,155.33836823016486
2020,164.9775,133.81309966801535
2021,172.8325,144.9901086201552
2022,178.0475,154.1234952505488
2023,183.8175,163.49079483869144
2024,190.1025,168.87580650498268
2025,194.45,173.12044597084812
